en,tr
pleasure,zevk
bloody,kanlı
college,üniversite
french,Fransızca
involved,dahil olmuş
cry,ağlamak
became,oldu
lived,yaşadı
impossible,imkansız
obviously,açıkça
neither,hiç biri
accept,kabul etmek
boyfriend,erkek arkadaş
besides,Ayrıca
queen,kraliçe
teacher,Öğretmen
cops,polisler
sake,hatır
loves,aşk
carry,taşımak
teach,öğretmek
apartment,daire
upset,üzgün
green,yeşil
la,la
liked,beğendi
cute,Sevimli
evil,fenalık
professor,profesör
contact,temas etmek
joke,şaka
cop,polis
huge,büyük
holy,kutsal
store,mağaza
jail,hapishane
likes,beğeniler
lawyer,avukat
doubt,şüphe
continue,devam etmek
appreciate,takdirle karşılamak
cat,kedi
shop,mağaza
driving,sürüş
congratulations,Tebrikler
wrote,yazdı
village,köy
quit,çıkış yapmak
field,alan
james,James
wine,şarap
decision,karar
south,güney
sleeping,uyku
slow,yavaş
laughter,kahkaha
island,ada
glass,bardak
beginning,başlangıç
cash,peşin
dying,ölme
hundred,yüz
whose,kimin
difference,fark
plane,uçak
push,itmek
continues,devam ediyor
mmm,mmm
singing,şarkı söylemek
eating,yemek
north,kuzey
mrs,bayan
tree,ağaç
madam,hanımefendi
gift,hediye
truck,kamyon
putting,koymak
bear,ayı
board,pano
grab,yakalamak
beer,bira
stuck,sıkışmak
magic,büyü
support,Destek
rules,tüzük
grunts,homurdanmalar
partner,ortak
reach,ulaşmak
wind,rüzgâr
colonel,albay
max,maksimum
immediately,hemen
seconds,saniyeler
thousand,bin
gives,verir
experience,deneyim
cheers,şerefe
victim,kurban
upon,üzerine
computer,bilgisayar
christ,İsa
planet,gezegen
promised,söz verdi
bus,otobüs
henry,Henry
dirty,kirli
search,aramak
staying,kalmak
dreams,rüyalar
arrest,tutuklamak
holding,tutma
suddenly,Birden
usually,genellikle
lots,çok sayıda
shoes,ayakkabı
er,er
jump,zıplamak
rid,kurtul
yo,yo
knock,vur
owe,sahip olmak
harry,Harry
grow,büyümek
worst,en kötüsü
river,nehir
aunt,hala
patient,hasta
kitchen,mutfak
aah,ah
fat,yağ
passed,geçti
m,M
final,son
summer,yaz
bob,Bob
listening,dinleme
escape,kaçmak
everywhere,her yer
moon,ay
arms,kollar
turns,dönüşler
address,adres
ow,şimdi
match,kibrit
gasps,nefes nefese
grand,büyük
yep,Evet
shh,şşş
nervous,gergin
de,de
choose,seçmek
themselves,kendileri
decide,karar vermek
mate,mat
drinking,içme
press,basmak
bother,rahatsız etmek
foot,ayak
hadn,sahip değildi
blame,suçlamak
crap,saçmalık
drugs,ilaçlar
type,tip
rings,yüzükler
mission,misyon
named,adı
heaven,cennet
ii,ii
picked,seçildi
paris,Paris
race,ırk
risk,risk
books,kitaplar
further,daha öte
danny,Danny
action,aksiyon
allowed,izin verilmiş
orders,siparişler
learned,öğrendi
price,fiyat
arrived,ulaşmış
nick,Nick
otherwise,aksi takdirde
pictures,resimler
fit,yerleştirmek
smoke,duman
favor,iyilik
played,oynandı
notice,fark etme
awesome,Mükemmel
smile,gülümsemek
director,müdür
guard,koruma
begin,başlamak
spot,leke
surprised,şaşırmış
innocent,masum
narrator,anlatıcı
herself,kendini
london,Londra
feelings,hisler
enemy,düşman
battle,savaş
ourselves,kendimizi
alex,Alex
dollars,dolar
allow,izin vermek
nine,dokuz
gay,eşcinsel
department,departman
guilty,suçlu
apart,ayrı
earlier,daha önce
duty,görev
jim,Jim
suit,uygun olmak
bell,zil
west,batı
legs,bacaklar
hero,kahraman
destroy,tahrip etmek
stage,sahne
bunch,demet
according,binaen
chicken,tavuk
bigger,daha büyük
grunting,homurdanma
low,Düşük
helping,yardım etmek
admit,itiraf etmek
closed,kapalı
names,isimler
witness,tanık
upstairs,üst katta
arm,kol
steal,hırsızlık yapmak
jimmy,Jimmy
kick,tekme atmak
twice,iki kere
cross,geçmek
ways,yollar
sergeant,çavuş
indeed,Aslında
gas,gaz
keeping,tutmak
energy,enerji
pregnant,hamile
waste,atık
helped,yardımcı oldu
fired,kovuldu
favorite,favori
tony,Tony
taste,tatmak
locked,kilitli
places,yer
writing,yazma
adam,Adam
brothers,kardeşler
starts,başlar
prince,prens
form,biçim
sold,satılmış
silly,şapşal
mention,değinmek
build,inşa etmek
throat,boğaz
hole,delik
figured,hesapladı
track,izlemek
ringing,zil sesi
lock,kilit
leg,bacak
above,üstünde
hiding,saklanıyor
steve,Steve
seemed,göründü
breakfast,kahvaltı
engine,motor
written,yazılı
complete,tamamlamak
video,video
applause,alkış
however,Yine de
pressure,basınç
fresh,taze
weapon,silah
sky,gökyüzü
ms.,Bayan
stole,çaldı
study,çalışmak
burn,yakmak
reading,okuma
crowd,kalabalık
treat,davranmak
roll,rulo
double,çift
spirit,ruh
danger,tehlike
cost,maliyet
empty,boş
level,seviye
memory,hafıza
itself,kendisi
acting,oyunculuk
interest,faiz
nose,burun
plans,planlar
following,takip etme
bathroom,banyo
built,inşa edildi
closer,daha yakın
ray,ışın
sarah,Sarah
band,bant
groans,inlemeler
apparently,görünüşe göre
excited,heyecanlı
richard,Richard
losing,kaybetmek
animals,hayvanlar
flight,uçuş
nature,doğa
raise,artırmak
pop,pop
client,müşteri
bomb,bomba
neck,boyun
suspect,şüphelenmek
warm,ılık
extra,ekstra
bottle,şişe
van,van
heavy,ağır
mommy,anne
dogs,köpekler
wild,vahşi
ridiculous,saçma
simply,basitçe
lee,Lee
animal,hayvan
showed,gösterdi
billy,Billy
shooting,çekim
keeps,muhafaza eder
camp,kamp
guns,silahlar
medical,tıbbi
shame,utanç
hoping,umutlu
whom,kime
bird,kuş
majesty,ihtişam
flowers,çiçekler
famous,ünlü
asleep,uyuya kalmak
beauty,güzellik
driver,sürücü
keys,anahtarlar
rain,yağmur
awful,berbat
large,büyük
local,yerel
deserve,hak etmek
goddamn,kahretsin
stone,taş
jane,Jane
grace,lütuf
consider,dikkate almak
weekend,hafta sonu
wondering,merak ediyorum
lay,sermek
plenty,bolca
willing,hevesli
pants,pantolon
sweetheart,Tatlım
skin,deri
excellent,harika
asshole,Pislik
beach,sahil
c,C
faith,inanç
beg,yalvarmak
fuckin,kahretsin
responsible,sorumlu
military,askeri
cheering,tezahürat
opportunity,fırsat
common,yaygın
bottom,alt
german,Almanca
whoever,kim olursa olsun
cook,aşçı
walked,yürüdü
papers,makaleler
justice,adalet
hall,salon
commander,komutan
drug,ilaç
main,ana
knife,bıçak
devil,şeytan
necessary,gerekli
although,rağmen
princess,prenses
lights,ışıklar
flying,uçan
dick,penis
rose,gül
knowing,bilmek
clearly,açıkça
hat,şapka
agreed,kabul edildi
johnny,Johnny
corner,köşe
code,kod
note,Not
tommy,Tommy
due,vadesi dolmuş
correct,doğru
apologize,özür dilemek
language,dil
stars,yıldızlar
faster,Daha hızlı
cars,arabalar
folks,insanlar
bullshit,saçmalık
i.,Ben.
fellow,aynı tür
several,birçok
grandma,büyükanne
shows,gösteriler
leader,lider
leaves,yapraklar
restaurant,restoran
east,doğu
shouting,bağırmak
blind,kör
ghost,hayalet
cup,bardak
gotten,alındı
tight,sıkı
conversation,konuşma
tells,anlatıyor
lies,yalanlar
nor,ne de
pulled,çekildi
hanging,asılı
speed,hız
stories,hikayeler
health,sağlık
advice,tavsiye
held,tutulmuş
uh-huh,Hı hı
murdered,öldürülmüş
beyond,öte
rule,kural
hardly,zorlu
possibly,muhtemelen
inspector,müfettiş
cousin,kuzen
trial,duruşma
emergency,acil durum
ought,gerek
eddie,Eddie
somehow,bir şekilde
hearing,işitme
states,eyaletler
account,hesap
spoke,konuştu
file,dosya
understood,anlaşıldı
angel,melek
tape,kaset
milk,süt
powerful,güçlü
weapons,silahlar
practice,pratik
manager,müdür
pardon,bağışlamak
vote,oy
jake,Jake
national,ulusal
career,kariyer
minister,bakan
super,süper
taught,öğretilen
robert,Robert
biggest,en büyük
plays,oyunlar
natural,doğal
dancing,dans
copy,kopyala
plus,artı
martin,Martin
cake,kek
freedom,özgürlük
among,arasında
breath,nefes
operation,operasyon
chris,Chris
crew,mürettebat
challenge,meydan okumak
market,pazar
meat,et
towards,karşı
bringing,getirmek
dropped,düştü
student,öğrenci
lied,yalan söyledi
strength,kuvvet
size,boyut
breathe,nefes almak
color,renk
monster,canavar
loud,yüksek sesle
photo,fotoğraf
aw,ah
nearly,neredeyse
sight,görünüş
greatest,en büyük
games,oyunlar
bridge,köprü
dressed,giyinmiş
arrested,tutuklanmış
horrible,berbat
coach,koç
planning,planlama
checked,kontrol edildi
breaking,kırılmak
noticed,algılanan
fantastic,fantastik
screams,çığlıklar
serve,sert
ideas,fikirler
investigation,soruşturma
center,merkez
older,daha yaşlı
pack,ambalaj
soldiers,askerler
nonsense,anlamsız
doc,belge
project,proje
training,eğitim
example,örnek
trick,kandırmak
prepared,tedarikli
science,bilim
united,birleşik
travel,seyahat
incredible,inanılmaz
grandpa,dede
paying,ödeme
character,karakter
teeth,dişler
criminal,suçlu
charles,Charles
chinese,Çince
truly,tamamen
honestly,Açıkçası
bro,kardeş
survive,hayatta kalmak
bobby,Bobby
target,hedef
feed,beslemek
nurse,hemşire
e,e
fake,sahte
records,kayıtlar
breathing,nefes alma
sweetie,Tatlım
numbers,sayılar
oil,yağ
suicide,intihar
belong,ait olmak
whoo,ah
perfectly,mükemmel bir şekilde
amy,Amy
forgotten,unutulmuş
remain,geriye kalmak
original,orijinal
papa,baba
onto,üzerine
concerned,endişeli
credit,kredi
ugh,ııı
invited,davet edildi
discuss,tartışmak
research,araştırma
easier,Daha kolay
view,görüş
chair,sandalye
hurts,acıtmak
strike,çarpmak
roger,Roger
fill,doldurmak
condition,durum
mountain,dağ
dr,doktor
nowhere,hiçbir yerde
sheriff,şerif
kim,kim
turning,dönüş
brown,kahverengi
recognize,tanımak
heads,kafalar
audience,kitle
all,Tümü
jealous,kıskanç
pretend,numara yapmak
society,toplum
finding,bulma
shirt,gömlek
comfortable,rahat
meaning,Anlam
guest,misafir
pieces,parçalar
dry,kuru
letting,izin vermek
began,başlamak
aye,evet
jeff,Jeff
female,dişi
release,serbest bırakmak
ho,ho
cards,kartlar
pray,dua etmek
unfortunately,Ne yazık ki
balls,toplar
destroyed,yok edildi
ended,sona erdi
universe,evren
prepare,hazırlanmak
opinion,fikir
movies,filmler
soldier,asker
wash,yıkamak
program,program
heat,sıcaklık
usual,olağan
ticket,bilet
stolen,çalındı
prefer,tercih etmek
aware,farkında olmak
surely,elbette
male,erkek
base,temel
matters,meseleler
lift,kaldırmak
lab,laboratuvar
command,emretmek
proof,kanıt
cream,krem
selling,satış
believed,inanılan
create,yaratmak
h,H
afford,parası yetmek
sunday,Pazar
total,toplam
dumb,sersem
threw,attı
france,Fransa
birth,doğum
created,oluşturuldu
realized,gerçekleştirilmiş
british,İngiliz
noise,gürültü
nuts,fındık
students,öğrenciler
birds,kuşlar
social,sosyal
brilliant,muhteşem
bodies,bedenler
tie,bağlamak
opened,açıldı
ours,bizim
bucks,dolar
kevin,Kevin
mister,bayım
ugly,çirkin
ryan,Ryan
focus,odak
dan,dan
opens,açılır
exist,var olmak
followed,ardından
england,İngiltere
draw,çizmek
purpose,amaç
letters,edebiyat
daniel,Daniel
opening,açılış
bullet,mermi
anna,Anna
lately,son zamanlarda
stayed,kaldı
falling,düşmek
season,mevsim
ends,son
suggest,tavsiye etmek
joy,neşe
distance,mesafe
responsibility,sorumluluk
whenever,her ne zaman
issue,sorun
thousands,binlerce
process,işlem
sword,kılıç
shower,duş
weak,zayıf
fucked,siktir git
lonely,yalnız
happiness,mutluluk
eric,Eric
tiny,minik
desk,çalışma masası
pool,havuz
property,mülk
forced,zoraki
settle,yerleşmek
indistinct,belirsiz
weight,ağırlık
received,kabul edilmiş
gang,çete
bite,ısırmak
friday,cuma
disappeared,ortadan kayboldu
interview,röportaj
expecting,bekleyen
kinda,gibi
surgery,ameliyat
horses,atlar
mayor,belediye başkanı
babe,bebeğim
ancient,antik
handsome,Yakışıklı
thomas,Thomas
saturday,Cumartesi
staff,kadro
lines,çizgiler
unit,birim
fan,fan
gentleman,beyefendi
introduce,tanıtmak
fate,kader
split,bölmek
recently,son zamanlarda
expected,beklenen
add,eklemek
ordered,sipariş edildi
slowly,yavaşça
alarm,alarm
member,üye
slept,uyudu
signed,imzalandı
enter,girmek
spanish,İspanyol
garden,bahçe
brings,getiriyor
brave,cesur
pig,domuz
model,model
finger,parmak
medicine,ilaç
access,erişim
failed,arızalı
flat,düz
easily,kolayca
discovered,keşfedildi
based,temelli
screw,vida
insane,inanılmaz
cares,bakım
weather,hava durumu
fingers,parmaklar
san,san
scott,Scott
path,yol
soft,yumuşak
harm,zarar
style,stil
community,toplum
sees,görüyor
basically,temel olarak
al,al
signal,sinyal
nope,Hayır
spare,kıyamamak
speech,konuşma
covered,kapalı
shake,sallamak
loose,gevşetmek
snow,kar
russian,Rusça
lake,göl
bright,parlak
roof,çatı
ohh,Aah
sending,gönderme
paint,boyamak
remind,hatırlatmak
pal,dostum
naked,çıplak
post,postalamak
sugar,şeker
heading,başlık
streets,sokaklar
damage,zarar
silence,sessizlik
doors,kapılar
pete,Pete
ed,ed
success,başarı
wet,ıslak
nah,hayır
amount,miktar
members,üyeler
kate,Kate
manage,üstesinden gelmek
safety,emniyet
returned,geri döndü
harder,Daha güçlü
fbi,FBI
block,engellemek
showing,gösteriliyor
fancy,süslü
chef,şef
contract,sözleşme
dig,kazmak
chest,göğüs
good-bye,Güle güle
drinks,içecekler
dave,Dave
buried,gömülü
brian,Brian
trade,ticaret
journey,seyahat
stomach,karın
changes,değişiklikler
details,detaylar
thoughts,düşünceler
divorce,boşanmak
funeral,cenaze
maria,Maria
football,futbol
reality,gerçeklik
theory,teori
gosh,Aman Tanrım
ruined,mahvoldu
gate,geçit
william,William
spread,yaymak
outta,dışarı
japanese,Japonca
sudden,birden
coat,kaban
sooner,daha erken
cheese,peynir
larry,Larry
spring,bahar
page,sayfa
ears,kulaklar
simon,Simon
castle,kale
hidden,gizlenmiş
storm,fırtına
cos,cos
personally,şahsen
artist,sanatçı
hill,tepe
exciting,heyecan verici
permission,izin
jerry,Jerry
expensive,masraflı
tickets,biletler
forest,orman
barely,neredeyse
eggs,yumurta
goin,gidiyor
regret,pişmanlık
lesson,ders
lover,sevgili
bread,ekmek
andy,Andy
subject,ders
legal,yasal
growing,büyüyen
ill,hasta
jason,Jason
mood,mod
owner,mal sahibi
caused,neden oldu
beeping,bip sesi
points,puanlar
dating,flört
loss,kayıp
secretary,sekreter
revenge,intikam
santa,Noel Baba
likely,büyük ihtimalle
rent,kira
connection,bağlantı
assistant,asistan
reasons,sebepler
yelling,bağırmak
painting,tablo
trees,ağaçlar
doctors,doktorlar
rush,acele etmek
foreign,yabancı
rough,kaba 
murderer,katil
century,yüzyıl
nights,geceler
pair,çift
runs,koşuyor
pocket,cep
farm,çiftlik
matt,mat
bike,bisiklet
obvious,bariz
ate,yedi
grew,büyüdü
professional,profesyonel
tim,zaman
goodness,iyilik
parts,parçalar
alan,Alan
university,üniversite
square,kare
grandfather,dede
europe,Avrupa
genius,dahi
cases,vakalar
ruin,mahvetmek
winter,kış
tongue,dil
memories,hatıralar
da,da
buying,satın almak
cancer,kanser
clock,saat
ocean,okyanus
dna,DNA
liar,yalancı
tour,tur
thief,hırsız
bleep,bip sesi
lisa,Lisa
rights,haklar
including,içermek
competition,yarışma
smith,demirci
planned,planlandı
emily,Emily
boring,sıkıcı
victims,kurbanlar
mentioned,adı geçen
bones,kemikler
plant,bitki
bless,kutsasın
warning,uyarı
knocking,vurmak
re,tekrar
crash,kaza
bedroom,yatak odası
lower,daha düşük
silver,gümüş
groaning,inleme
madame,hanımefendi
defense,savunma
results,sonuçlar
toilet,tuvalet
event,etkinlik
complicated,karmaşık
shape,şekil
priest,rahip
royal,asil
cheap,ucuz
romantic,romantik
downstairs,alt katta
invite,davet etmek
fortune,talih
tears,göz yaşları
avoid,kaçınmak
reached,ulaşmış
higher,daha yüksek
familiar,aşina
telephone,telefon
burning,yanma
filled,doldurulmuş
kelly,Kelly
alice,Alice
airport,havalimanı
jobs,işler
grown,büyüdü
walter,Walter
rachel,Rachel
giant,devasa
insurance,sigorta
woods,ormanlar